id,sprite_url,filename
1,https://img.pokemondb.net/sprites/sword-shield/icon/bulbasaur.png,bulbasaur.png
2,https://img.pokemondb.net/sprites/sword-shield/icon/ivysaur.png,ivysaur.png
3,https://img.pokemondb.net/sprites/sword-shield/icon/venusaur.png,venusaur.png
4,https://img.pokemondb.net/sprites/sword-shield/icon/charmander.png,charmander.png
5,https://img.pokemondb.net/sprites/sword-shield/icon/charmeleon.png,charmeleon.png
6,https://img.pokemondb.net/sprites/sword-shield/icon/charizard.png,charizard.png
7,https://img.pokemondb.net/sprites/sword-shield/icon/squirtle.png,squirtle.png
8,https://img.pokemondb.net/sprites/sword-shield/icon/wartortle.png,wartortle.png
9,https://img.pokemondb.net/sprites/sword-shield/icon/blastoise.png,blastoise.png
10,https://img.pokemondb.net/sprites/sword-shield/icon/caterpie.png,caterpie.png
11,https://img.pokemondb.net/sprites/sword-shield/icon/metapod.png,metapod.png
12,https://img.pokemondb.net/sprites/sword-shield/icon/butterfree.png,butterfree.png
13,https://img.pokemondb.net/sprites/sword-shield/icon/weedle.png,weedle.png
14,https://img.pokemondb.net/sprites/sword-shield/icon/kakuna.png,kakuna.png
15,https://img.pokemondb.net/sprites/sword-shield/icon/beedrill.png,beedrill.png
16,https://img.pokemondb.net/sprites/sword-shield/icon/pidgey.png,pidgey.png
17,https://img.pokemondb.net/sprites/sword-shield/icon/pidgeotto.png,pidgeotto.png
18,https://img.pokemondb.net/sprites/sword-shield/icon/pidgeot.png,pidgeot.png
19,https://img.pokemondb.net/sprites/sword-shield/icon/rattata.png,rattata.png
20,https://img.pokemondb.net/sprites/sword-shield/icon/raticate.png,raticate.png
21,https://img.pokemondb.net/sprites/sword-shield/icon/spearow.png,spearow.png
22,https://img.pokemondb.net/sprites/sword-shield/icon/fearow.png,fearow.png
23,https://img.pokemondb.net/sprites/sword-shield/icon/ekans.png,ekans.png
24,https://img.pokemondb.net/sprites/sword-shield/icon/arbok.png,arbok.png
25,https://img.pokemondb.net/sprites/sword-shield/icon/pikachu.png,pikachu.png
26,https://img.pokemondb.net/sprites/sword-shield/icon/raichu.png,raichu.png
27,https://img.pokemondb.net/sprites/sword-shield/icon/sandshrew.png,sandshrew.png
28,https://img.pokemondb.net/sprites/sword-shield/icon/sandslash.png,sandslash.png
29,https://img.pokemondb.net/sprites/sword-shield/icon/nidoran-f.png,nidoran-f.png
30,https://img.pokemondb.net/sprites/sword-shield/icon/nidorina.png,nidorina.png
31,https://img.pokemondb.net/sprites/sword-shield/icon/nidoqueen.png,nidoqueen.png
32,https://img.pokemondb.net/sprites/sword-shield/icon/nidoran-m.png,nidoran-m.png
33,https://img.pokemondb.net/sprites/sword-shield/icon/nidorino.png,nidorino.png
34,https://img.pokemondb.net/sprites/sword-shield/icon/nidoking.png,nidoking.png
35,https://img.pokemondb.net/sprites/sword-shield/icon/clefairy.png,clefairy.png
36,https://img.pokemondb.net/sprites/sword-shield/icon/clefable.png,clefable.png
37,https://img.pokemondb.net/sprites/sword-shield/icon/vulpix.png,vulpix.png
38,https://img.pokemondb.net/sprites/sword-shield/icon/ninetales.png,ninetales.png
39,https://img.pokemondb.net/sprites/sword-shield/icon/jigglypuff.png,jigglypuff.png
40,https://img.pokemondb.net/sprites/sword-shield/icon/wigglytuff.png,wigglytuff.png
41,https://img.pokemondb.net/sprites/sword-shield/icon/zubat.png,zubat.png
42,https://img.pokemondb.net/sprites/sword-shield/icon/golbat.png,golbat.png
43,https://img.pokemondb.net/sprites/sword-shield/icon/oddish.png,oddish.png
44,https://img.pokemondb.net/sprites/sword-shield/icon/gloom.png,gloom.png
45,https://img.pokemondb.net/sprites/sword-shield/icon/vileplume.png,vileplume.png
46,https://img.pokemondb.net/sprites/sword-shield/icon/paras.png,paras.png
47,https://img.pokemondb.net/sprites/sword-shield/icon/parasect.png,parasect.png
48,https://img.pokemondb.net/sprites/sword-shield/icon/venonat.png,venonat.png
49,https://img.pokemondb.net/sprites/sword-shield/icon/venomoth.png,venomoth.png
50,https://img.pokemondb.net/sprites/sword-shield/icon/diglett.png,diglett.png
51,https://img.pokemondb.net/sprites/sword-shield/icon/dugtrio.png,dugtrio.png
52,https://img.pokemondb.net/sprites/sword-shield/icon/meowth.png,meowth.png
53,https://img.pokemondb.net/sprites/sword-shield/icon/persian.png,persian.png
54,https://img.pokemondb.net/sprites/sword-shield/icon/psyduck.png,psyduck.png
55,https://img.pokemondb.net/sprites/sword-shield/icon/golduck.png,golduck.png
56,https://img.pokemondb.net/sprites/sword-shield/icon/mankey.png,mankey.png
57,https://img.pokemondb.net/sprites/sword-shield/icon/primeape.png,primeape.png
58,https://img.pokemondb.net/sprites/sword-shield/icon/growlithe.png,growlithe.png
59,https://img.pokemondb.net/sprites/sword-shield/icon/arcanine.png,arcanine.png
60,https://img.pokemondb.net/sprites/sword-shield/icon/poliwag.png,poliwag.png
61,https://img.pokemondb.net/sprites/sword-shield/icon/poliwhirl.png,poliwhirl.png
62,https://img.pokemondb.net/sprites/sword-shield/icon/poliwrath.png,poliwrath.png
63,https://img.pokemondb.net/sprites/sword-shield/icon/abra.png,abra.png
64,https://img.pokemondb.net/sprites/sword-shield/icon/kadabra.png,kadabra.png
65,https://img.pokemondb.net/sprites/sword-shield/icon/alakazam.png,alakazam.png
66,https://img.pokemondb.net/sprites/sword-shield/icon/machop.png,machop.png
67,https://img.pokemondb.net/sprites/sword-shield/icon/machoke.png,machoke.png
68,https://img.pokemondb.net/sprites/sword-shield/icon/machamp.png,machamp.png
69,https://img.pokemondb.net/sprites/sword-shield/icon/bellsprout.png,bellsprout.png
70,https://img.pokemondb.net/sprites/sword-shield/icon/weepinbell.png,weepinbell.png
71,https://img.pokemondb.net/sprites/sword-shield/icon/victreebel.png,victreebel.png
72,https://img.pokemondb.net/sprites/sword-shield/icon/tentacool.png,tentacool.png
73,https://img.pokemondb.net/sprites/sword-shield/icon/tentacruel.png,tentacruel.png
74,https://img.pokemondb.net/sprites/sword-shield/icon/geodude.png,geodude.png
75,https://img.pokemondb.net/sprites/sword-shield/icon/graveler.png,graveler.png
76,https://img.pokemondb.net/sprites/sword-shield/icon/golem.png,golem.png
77,https://img.pokemondb.net/sprites/sword-shield/icon/ponyta.png,ponyta.png
78,https://img.pokemondb.net/sprites/sword-shield/icon/rapidash.png,rapidash.png
79,https://img.pokemondb.net/sprites/sword-shield/icon/slowpoke.png,slowpoke.png
80,https://img.pokemondb.net/sprites/sword-shield/icon/slowbro.png,slowbro.png
81,https://img.pokemondb.net/sprites/sword-shield/icon/magnemite.png,magnemite.png
82,https://img.pokemondb.net/sprites/sword-shield/icon/magneton.png,magneton.png
83,https://img.pokemondb.net/sprites/sword-shield/icon/farfetchd.png,farfetchd.png
84,https://img.pokemondb.net/sprites/sword-shield/icon/doduo.png,doduo.png
85,https://img.pokemondb.net/sprites/sword-shield/icon/dodrio.png,dodrio.png
86,https://img.pokemondb.net/sprites/sword-shield/icon/seel.png,seel.png
87,https://img.pokemondb.net/sprites/sword-shield/icon/dewgong.png,dewgong.png
88,https://img.pokemondb.net/sprites/sword-shield/icon/grimer.png,grimer.png
89,https://img.pokemondb.net/sprites/sword-shield/icon/muk.png,muk.png
90,https://img.pokemondb.net/sprites/sword-shield/icon/shellder.png,shellder.png
91,https://img.pokemondb.net/sprites/sword-shield/icon/cloyster.png,cloyster.png
92,https://img.pokemondb.net/sprites/sword-shield/icon/gastly.png,gastly.png
93,https://img.pokemondb.net/sprites/sword-shield/icon/haunter.png,haunter.png
94,https://img.pokemondb.net/sprites/sword-shield/icon/gengar.png,gengar.png
95,https://img.pokemondb.net/sprites/sword-shield/icon/onix.png,onix.png
96,https://img.pokemondb.net/sprites/sword-shield/icon/drowzee.png,drowzee.png
97,https://img.pokemondb.net/sprites/sword-shield/icon/hypno.png,hypno.png
98,https://img.pokemondb.net/sprites/sword-shield/icon/krabby.png,krabby.png
99,https://img.pokemondb.net/sprites/sword-shield/icon/kingler.png,kingler.png
100,https://img.pokemondb.net/sprites/sword-shield/icon/voltorb.png,voltorb.png
101,https://img.pokemondb.net/sprites/sword-shield/icon/electrode.png,electrode.png
102,https://img.pokemondb.net/sprites/sword-shield/icon/exeggcute.png,exeggcute.png
103,https://img.pokemondb.net/sprites/sword-shield/icon/exeggutor.png,exeggutor.png
104,https://img.pokemondb.net/sprites/sword-shield/icon/cubone.png,cubone.png
105,https://img.pokemondb.net/sprites/sword-shield/icon/marowak.png,marowak.png
106,https://img.pokemondb.net/sprites/sword-shield/icon/hitmonlee.png,hitmonlee.png
107,https://img.pokemondb.net/sprites/sword-shield/icon/hitmonchan.png,hitmonchan.png
108,https://img.pokemondb.net/sprites/sword-shield/icon/lickitung.png,lickitung.png
109,https://img.pokemondb.net/sprites/sword-shield/icon/koffing.png,koffing.png
110,https://img.pokemondb.net/sprites/sword-shield/icon/weezing.png,weezing.png
111,https://img.pokemondb.net/sprites/sword-shield/icon/rhyhorn.png,rhyhorn.png
112,https://img.pokemondb.net/sprites/sword-shield/icon/rhydon.png,rhydon.png
113,https://img.pokemondb.net/sprites/sword-shield/icon/chansey.png,chansey.png
114,https://img.pokemondb.net/sprites/sword-shield/icon/tangela.png,tangela.png
115,https://img.pokemondb.net/sprites/sword-shield/icon/kangaskhan.png,kangaskhan.png
116,https://img.pokemondb.net/sprites/sword-shield/icon/horsea.png,horsea.png
117,https://img.pokemondb.net/sprites/sword-shield/icon/seadra.png,seadra.png
118,https://img.pokemondb.net/sprites/sword-shield/icon/goldeen.png,goldeen.png
119,https://img.pokemondb.net/sprites/sword-shield/icon/seaking.png,seaking.png
120,https://img.pokemondb.net/sprites/sword-shield/icon/staryu.png,staryu.png
121,https://img.pokemondb.net/sprites/sword-shield/icon/starmie.png,starmie.png
122,https://img.pokemondb.net/sprites/sword-shield/icon/mr-mime.png,mr-mime.png
123,https://img.pokemondb.net/sprites/sword-shield/icon/scyther.png,scyther.png
124,https://img.pokemondb.net/sprites/sword-shield/icon/jynx.png,jynx.png
125,https://img.pokemondb.net/sprites/sword-shield/icon/electabuzz.png,electabuzz.png
126,https://img.pokemondb.net/sprites/sword-shield/icon/magmar.png,magmar.png
127,https://img.pokemondb.net/sprites/sword-shield/icon/pinsir.png,pinsir.png
128,https://img.pokemondb.net/sprites/sword-shield/icon/tauros.png,tauros.png
129,https://img.pokemondb.net/sprites/sword-shield/icon/magikarp.png,magikarp.png
130,https://img.pokemondb.net/sprites/sword-shield/icon/gyarados.png,gyarados.png
131,https://img.pokemondb.net/sprites/sword-shield/icon/lapras.png,lapras.png
132,https://img.pokemondb.net/sprites/sword-shield/icon/ditto.png,ditto.png
133,https://img.pokemondb.net/sprites/sword-shield/icon/eevee.png,eevee.png
134,https://img.pokemondb.net/sprites/sword-shield/icon/vaporeon.png,vaporeon.png
135,https://img.pokemondb.net/sprites/sword-shield/icon/jolteon.png,jolteon.png
136,https://img.pokemondb.net/sprites/sword-shield/icon/flareon.png,flareon.png
137,https://img.pokemondb.net/sprites/sword-shield/icon/porygon.png,porygon.png
138,https://img.pokemondb.net/sprites/sword-shield/icon/omanyte.png,omanyte.png
139,https://img.pokemondb.net/sprites/sword-shield/icon/omastar.png,omastar.png
140,https://img.pokemondb.net/sprites/sword-shield/icon/kabuto.png,kabuto.png
141,https://img.pokemondb.net/sprites/sword-shield/icon/kabutops.png,kabutops.png
142,https://img.pokemondb.net/sprites/sword-shield/icon/aerodactyl.png,aerodactyl.png
143,https://img.pokemondb.net/sprites/sword-shield/icon/snorlax.png,snorlax.png
144,https://img.pokemondb.net/sprites/sword-shield/icon/articuno.png,articuno.png
145,https://img.pokemondb.net/sprites/sword-shield/icon/zapdos.png,zapdos.png
146,https://img.pokemondb.net/sprites/sword-shield/icon/moltres.png,moltres.png
147,https://img.pokemondb.net/sprites/sword-shield/icon/dratini.png,dratini.png
148,https://img.pokemondb.net/sprites/sword-shield/icon/dragonair.png,dragonair.png
149,https://img.pokemondb.net/sprites/sword-shield/icon/dragonite.png,dragonite.png
150,https://img.pokemondb.net/sprites/sword-shield/icon/mewtwo.png,mewtwo.png
151,https://img.pokemondb.net/sprites/sword-shield/icon/mew.png,mew.png
152,https://img.pokemondb.net/sprites/sword-shield/icon/chikorita.png,chikorita.png
153,https://img.pokemondb.net/sprites/sword-shield/icon/bayleef.png,bayleef.png
154,https://img.pokemondb.net/sprites/sword-shield/icon/meganium.png,meganium.png
155,https://img.pokemondb.net/sprites/sword-shield/icon/cyndaquil.png,cyndaquil.png
156,https://img.pokemondb.net/sprites/sword-shield/icon/quilava.png,quilava.png
157,https://img.pokemondb.net/sprites/sword-shield/icon/typhlosion.png,typhlosion.png
158,https://img.pokemondb.net/sprites/sword-shield/icon/totodile.png,totodile.png
159,https://img.pokemondb.net/sprites/sword-shield/icon/croconaw.png,croconaw.png
160,https://img.pokemondb.net/sprites/sword-shield/icon/feraligatr.png,feraligatr.png
161,https://img.pokemondb.net/sprites/sword-shield/icon/sentret.png,sentret.png
162,https://img.pokemondb.net/sprites/sword-shield/icon/furret.png,furret.png
163,https://img.pokemondb.net/sprites/sword-shield/icon/hoothoot.png,hoothoot.png
164,https://img.pokemondb.net/sprites/sword-shield/icon/noctowl.png,noctowl.png
165,https://img.pokemondb.net/sprites/sword-shield/icon/ledyba.png,ledyba.png
166,https://img.pokemondb.net/sprites/sword-shield/icon/ledian.png,ledian.png
167,https://img.pokemondb.net/sprites/sword-shield/icon/spinarak.png,spinarak.png
168,https://img.pokemondb.net/sprites/sword-shield/icon/ariados.png,ariados.png
169,https://img.pokemondb.net/sprites/sword-shield/icon/crobat.png,crobat.png
170,https://img.pokemondb.net/sprites/sword-shield/icon/chinchou.png,chinchou.png
171,https://img.pokemondb.net/sprites/sword-shield/icon/lanturn.png,lanturn.png
172,https://img.pokemondb.net/sprites/sword-shield/icon/pichu.png,pichu.png
173,https://img.pokemondb.net/sprites/sword-shield/icon/cleffa.png,cleffa.png
174,https://img.pokemondb.net/sprites/sword-shield/icon/igglybuff.png,igglybuff.png
175,https://img.pokemondb.net/sprites/sword-shield/icon/togepi.png,togepi.png
176,https://img.pokemondb.net/sprites/sword-shield/icon/togetic.png,togetic.png
177,https://img.pokemondb.net/sprites/sword-shield/icon/natu.png,natu.png
178,https://img.pokemondb.net/sprites/sword-shield/icon/xatu.png,xatu.png
179,https://img.pokemondb.net/sprites/sword-shield/icon/mareep.png,mareep.png
180,https://img.pokemondb.net/sprites/sword-shield/icon/flaaffy.png,flaaffy.png
181,https://img.pokemondb.net/sprites/sword-shield/icon/ampharos.png,ampharos.png
182,https://img.pokemondb.net/sprites/sword-shield/icon/bellossom.png,bellossom.png
183,https://img.pokemondb.net/sprites/sword-shield/icon/marill.png,marill.png
184,https://img.pokemondb.net/sprites/sword-shield/icon/azumarill.png,azumarill.png
185,https://img.pokemondb.net/sprites/sword-shield/icon/sudowoodo.png,sudowoodo.png
186,https://img.pokemondb.net/sprites/sword-shield/icon/politoed.png,politoed.png
187,https://img.pokemondb.net/sprites/sword-shield/icon/hoppip.png,hoppip.png
188,https://img.pokemondb.net/sprites/sword-shield/icon/skiploom.png,skiploom.png
189,https://img.pokemondb.net/sprites/sword-shield/icon/jumpluff.png,jumpluff.png
190,https://img.pokemondb.net/sprites/sword-shield/icon/aipom.png,aipom.png
191,https://img.pokemondb.net/sprites/sword-shield/icon/sunkern.png,sunkern.png
192,https://img.pokemondb.net/sprites/sword-shield/icon/sunflora.png,sunflora.png
193,https://img.pokemondb.net/sprites/sword-shield/icon/yanma.png,yanma.png
194,https://img.pokemondb.net/sprites/sword-shield/icon/wooper.png,wooper.png
195,https://img.pokemondb.net/sprites/sword-shield/icon/quagsire.png,quagsire.png
196,https://img.pokemondb.net/sprites/sword-shield/icon/espeon.png,espeon.png
197,https://img.pokemondb.net/sprites/sword-shield/icon/umbreon.png,umbreon.png
198,https://img.pokemondb.net/sprites/sword-shield/icon/murkrow.png,murkrow.png
199,https://img.pokemondb.net/sprites/sword-shield/icon/slowking.png,slowking.png
200,https://img.pokemondb.net/sprites/sword-shield/icon/misdreavus.png,misdreavus.png
201,https://img.pokemondb.net/sprites/sword-shield/icon/unown.png,unown.png
202,https://img.pokemondb.net/sprites/sword-shield/icon/wobbuffet.png,wobbuffet.png
203,https://img.pokemondb.net/sprites/sword-shield/icon/girafarig.png,girafarig.png
204,https://img.pokemondb.net/sprites/sword-shield/icon/pineco.png,pineco.png
205,https://img.pokemondb.net/sprites/sword-shield/icon/forretress.png,forretress.png
206,https://img.pokemondb.net/sprites/sword-shield/icon/dunsparce.png,dunsparce.png
207,https://img.pokemondb.net/sprites/sword-shield/icon/gligar.png,gligar.png
208,https://img.pokemondb.net/sprites/sword-shield/icon/steelix.png,steelix.png
209,https://img.pokemondb.net/sprites/sword-shield/icon/snubbull.png,snubbull.png
210,https://img.pokemondb.net/sprites/sword-shield/icon/granbull.png,granbull.png
211,https://img.pokemondb.net/sprites/sword-shield/icon/qwilfish.png,qwilfish.png
212,https://img.pokemondb.net/sprites/sword-shield/icon/scizor.png,scizor.png
213,https://img.pokemondb.net/sprites/sword-shield/icon/shuckle.png,shuckle.png
214,https://img.pokemondb.net/sprites/sword-shield/icon/heracross.png,heracross.png
215,https://img.pokemondb.net/sprites/sword-shield/icon/sneasel.png,sneasel.png
216,https://img.pokemondb.net/sprites/sword-shield/icon/teddiursa.png,teddiursa.png
217,https://img.pokemondb.net/sprites/sword-shield/icon/ursaring.png,ursaring.png
218,https://img.pokemondb.net/sprites/sword-shield/icon/slugma.png,slugma.png
219,https://img.pokemondb.net/sprites/sword-shield/icon/magcargo.png,magcargo.png
220,https://img.pokemondb.net/sprites/sword-shield/icon/swinub.png,swinub.png
221,https://img.pokemondb.net/sprites/sword-shield/icon/piloswine.png,piloswine.png
222,https://img.pokemondb.net/sprites/sword-shield/icon/corsola.png,corsola.png
223,https://img.pokemondb.net/sprites/sword-shield/icon/remoraid.png,remoraid.png
224,https://img.pokemondb.net/sprites/sword-shield/icon/octillery.png,octillery.png
225,https://img.pokemondb.net/sprites/sword-shield/icon/delibird.png,delibird.png
226,https://img.pokemondb.net/sprites/sword-shield/icon/mantine.png,mantine.png
227,https://img.pokemondb.net/sprites/sword-shield/icon/skarmory.png,skarmory.png
228,https://img.pokemondb.net/sprites/sword-shield/icon/houndour.png,houndour.png
229,https://img.pokemondb.net/sprites/sword-shield/icon/houndoom.png,houndoom.png
230,https://img.pokemondb.net/sprites/sword-shield/icon/kingdra.png,kingdra.png
231,https://img.pokemondb.net/sprites/sword-shield/icon/phanpy.png,phanpy.png
232,https://img.pokemondb.net/sprites/sword-shield/icon/donphan.png,donphan.png
233,https://img.pokemondb.net/sprites/sword-shield/icon/porygon2.png,porygon2.png
234,https://img.pokemondb.net/sprites/sword-shield/icon/stantler.png,stantler.png
235,https://img.pokemondb.net/sprites/sword-shield/icon/smeargle.png,smeargle.png
236,https://img.pokemondb.net/sprites/sword-shield/icon/tyrogue.png,tyrogue.png
237,https://img.pokemondb.net/sprites/sword-shield/icon/hitmontop.png,hitmontop.png
238,https://img.pokemondb.net/sprites/sword-shield/icon/smoochum.png,smoochum.png
239,https://img.pokemondb.net/sprites/sword-shield/icon/elekid.png,elekid.png
240,https://img.pokemondb.net/sprites/sword-shield/icon/magby.png,magby.png
241,https://img.pokemondb.net/sprites/sword-shield/icon/miltank.png,miltank.png
242,https://img.pokemondb.net/sprites/sword-shield/icon/blissey.png,blissey.png
243,https://img.pokemondb.net/sprites/sword-shield/icon/raikou.png,raikou.png
244,https://img.pokemondb.net/sprites/sword-shield/icon/entei.png,entei.png
245,https://img.pokemondb.net/sprites/sword-shield/icon/suicune.png,suicune.png
246,https://img.pokemondb.net/sprites/sword-shield/icon/larvitar.png,larvitar.png
247,https://img.pokemondb.net/sprites/sword-shield/icon/pupitar.png,pupitar.png
248,https://img.pokemondb.net/sprites/sword-shield/icon/tyranitar.png,tyranitar.png
249,https://img.pokemondb.net/sprites/sword-shield/icon/lugia.png,lugia.png
250,https://img.pokemondb.net/sprites/sword-shield/icon/ho-oh.png,ho-oh.png
251,https://img.pokemondb.net/sprites/sword-shield/icon/celebi.png,celebi.png
252,https://img.pokemondb.net/sprites/sword-shield/icon/treecko.png,treecko.png
253,https://img.pokemondb.net/sprites/sword-shield/icon/grovyle.png,grovyle.png
254,https://img.pokemondb.net/sprites/sword-shield/icon/sceptile.png,sceptile.png
255,https://img.pokemondb.net/sprites/sword-shield/icon/torchic.png,torchic.png
256,https://img.pokemondb.net/sprites/sword-shield/icon/combusken.png,combusken.png
257,https://img.pokemondb.net/sprites/sword-shield/icon/blaziken.png,blaziken.png
258,https://img.pokemondb.net/sprites/sword-shield/icon/mudkip.png,mudkip.png
259,https://img.pokemondb.net/sprites/sword-shield/icon/marshtomp.png,marshtomp.png
260,https://img.pokemondb.net/sprites/sword-shield/icon/swampert.png,swampert.png
261,https://img.pokemondb.net/sprites/sword-shield/icon/poochyena.png,poochyena.png
262,https://img.pokemondb.net/sprites/sword-shield/icon/mightyena.png,mightyena.png
263,https://img.pokemondb.net/sprites/sword-shield/icon/zigzagoon.png,zigzagoon.png
264,https://img.pokemondb.net/sprites/sword-shield/icon/linoone.png,linoone.png
265,https://img.pokemondb.net/sprites/sword-shield/icon/wurmple.png,wurmple.png
266,https://img.pokemondb.net/sprites/sword-shield/icon/silcoon.png,silcoon.png
267,https://img.pokemondb.net/sprites/sword-shield/icon/beautifly.png,beautifly.png
268,https://img.pokemondb.net/sprites/sword-shield/icon/cascoon.png,cascoon.png
269,https://img.pokemondb.net/sprites/sword-shield/icon/dustox.png,dustox.png
270,https://img.pokemondb.net/sprites/sword-shield/icon/lotad.png,lotad.png
271,https://img.pokemondb.net/sprites/sword-shield/icon/lombre.png,lombre.png
272,https://img.pokemondb.net/sprites/sword-shield/icon/ludicolo.png,ludicolo.png
273,https://img.pokemondb.net/sprites/sword-shield/icon/seedot.png,seedot.png
274,https://img.pokemondb.net/sprites/sword-shield/icon/nuzleaf.png,nuzleaf.png
275,https://img.pokemondb.net/sprites/sword-shield/icon/shiftry.png,shiftry.png
276,https://img.pokemondb.net/sprites/sword-shield/icon/taillow.png,taillow.png
277,https://img.pokemondb.net/sprites/sword-shield/icon/swellow.png,swellow.png
278,https://img.pokemondb.net/sprites/sword-shield/icon/wingull.png,wingull.png
279,https://img.pokemondb.net/sprites/sword-shield/icon/pelipper.png,pelipper.png
280,https://img.pokemondb.net/sprites/sword-shield/icon/ralts.png,ralts.png
281,https://img.pokemondb.net/sprites/sword-shield/icon/kirlia.png,kirlia.png
282,https://img.pokemondb.net/sprites/sword-shield/icon/gardevoir.png,gardevoir.png
283,https://img.pokemondb.net/sprites/sword-shield/icon/surskit.png,surskit.png
284,https://img.pokemondb.net/sprites/sword-shield/icon/masquerain.png,masquerain.png
285,https://img.pokemondb.net/sprites/sword-shield/icon/shroomish.png,shroomish.png
286,https://img.pokemondb.net/sprites/sword-shield/icon/breloom.png,breloom.png
287,https://img.pokemondb.net/sprites/sword-shield/icon/slakoth.png,slakoth.png
288,https://img.pokemondb.net/sprites/sword-shield/icon/vigoroth.png,vigoroth.png
289,https://img.pokemondb.net/sprites/sword-shield/icon/slaking.png,slaking.png
290,https://img.pokemondb.net/sprites/sword-shield/icon/nincada.png,nincada.png
291,https://img.pokemondb.net/sprites/sword-shield/icon/ninjask.png,ninjask.png
292,https://img.pokemondb.net/sprites/sword-shield/icon/shedinja.png,shedinja.png
293,https://img.pokemondb.net/sprites/sword-shield/icon/whismur.png,whismur.png
294,https://img.pokemondb.net/sprites/sword-shield/icon/loudred.png,loudred.png
295,https://img.pokemondb.net/sprites/sword-shield/icon/exploud.png,exploud.png
296,https://img.pokemondb.net/sprites/sword-shield/icon/makuhita.png,makuhita.png
297,https://img.pokemondb.net/sprites/sword-shield/icon/hariyama.png,hariyama.png
298,https://img.pokemondb.net/sprites/sword-shield/icon/azurill.png,azurill.png
299,https://img.pokemondb.net/sprites/sword-shield/icon/nosepass.png,nosepass.png
300,https://img.pokemondb.net/sprites/sword-shield/icon/skitty.png,skitty.png
301,https://img.pokemondb.net/sprites/sword-shield/icon/delcatty.png,delcatty.png
302,https://img.pokemondb.net/sprites/sword-shield/icon/sableye.png,sableye.png
303,https://img.pokemondb.net/sprites/sword-shield/icon/mawile.png,mawile.png
304,https://img.pokemondb.net/sprites/sword-shield/icon/aron.png,aron.png
305,https://img.pokemondb.net/sprites/sword-shield/icon/lairon.png,lairon.png
306,https://img.pokemondb.net/sprites/sword-shield/icon/aggron.png,aggron.png
307,https://img.pokemondb.net/sprites/sword-shield/icon/meditite.png,meditite.png
308,https://img.pokemondb.net/sprites/sword-shield/icon/medicham.png,medicham.png
309,https://img.pokemondb.net/sprites/sword-shield/icon/electrike.png,electrike.png
310,https://img.pokemondb.net/sprites/sword-shield/icon/manectric.png,manectric.png
311,https://img.pokemondb.net/sprites/sword-shield/icon/plusle.png,plusle.png
312,https://img.pokemondb.net/sprites/sword-shield/icon/minun.png,minun.png
313,https://img.pokemondb.net/sprites/sword-shield/icon/volbeat.png,volbeat.png
314,https://img.pokemondb.net/sprites/sword-shield/icon/illumise.png,illumise.png
315,https://img.pokemondb.net/sprites/sword-shield/icon/roselia.png,roselia.png
316,https://img.pokemondb.net/sprites/sword-shield/icon/gulpin.png,gulpin.png
317,https://img.pokemondb.net/sprites/sword-shield/icon/swalot.png,swalot.png
318,https://img.pokemondb.net/sprites/sword-shield/icon/carvanha.png,carvanha.png
319,https://img.pokemondb.net/sprites/sword-shield/icon/sharpedo.png,sharpedo.png
320,https://img.pokemondb.net/sprites/sword-shield/icon/wailmer.png,wailmer.png
321,https://img.pokemondb.net/sprites/sword-shield/icon/wailord.png,wailord.png
322,https://img.pokemondb.net/sprites/sword-shield/icon/numel.png,numel.png
323,https://img.pokemondb.net/sprites/sword-shield/icon/camerupt.png,camerupt.png
324,https://img.pokemondb.net/sprites/sword-shield/icon/torkoal.png,torkoal.png
325,https://img.pokemondb.net/sprites/sword-shield/icon/spoink.png,spoink.png
326,https://img.pokemondb.net/sprites/sword-shield/icon/grumpig.png,grumpig.png
327,https://img.pokemondb.net/sprites/sword-shield/icon/spinda.png,spinda.png
328,https://img.pokemondb.net/sprites/sword-shield/icon/trapinch.png,trapinch.png
329,https://img.pokemondb.net/sprites/sword-shield/icon/vibrava.png,vibrava.png
330,https://img.pokemondb.net/sprites/sword-shield/icon/flygon.png,flygon.png
331,https://img.pokemondb.net/sprites/sword-shield/icon/cacnea.png,cacnea.png
332,https://img.pokemondb.net/sprites/sword-shield/icon/cacturne.png,cacturne.png
333,https://img.pokemondb.net/sprites/sword-shield/icon/swablu.png,swablu.png
334,https://img.pokemondb.net/sprites/sword-shield/icon/altaria.png,altaria.png
335,https://img.pokemondb.net/sprites/sword-shield/icon/zangoose.png,zangoose.png
336,https://img.pokemondb.net/sprites/sword-shield/icon/seviper.png,seviper.png
337,https://img.pokemondb.net/sprites/sword-shield/icon/lunatone.png,lunatone.png
338,https://img.pokemondb.net/sprites/sword-shield/icon/solrock.png,solrock.png
339,https://img.pokemondb.net/sprites/sword-shield/icon/barboach.png,barboach.png
340,https://img.pokemondb.net/sprites/sword-shield/icon/whiscash.png,whiscash.png
341,https://img.pokemondb.net/sprites/sword-shield/icon/corphish.png,corphish.png
342,https://img.pokemondb.net/sprites/sword-shield/icon/crawdaunt.png,crawdaunt.png
343,https://img.pokemondb.net/sprites/sword-shield/icon/baltoy.png,baltoy.png
344,https://img.pokemondb.net/sprites/sword-shield/icon/claydol.png,claydol.png
345,https://img.pokemondb.net/sprites/sword-shield/icon/lileep.png,lileep.png
346,https://img.pokemondb.net/sprites/sword-shield/icon/cradily.png,cradily.png
347,https://img.pokemondb.net/sprites/sword-shield/icon/anorith.png,anorith.png
348,https://img.pokemondb.net/sprites/sword-shield/icon/armaldo.png,armaldo.png
349,https://img.pokemondb.net/sprites/sword-shield/icon/feebas.png,feebas.png
350,https://img.pokemondb.net/sprites/sword-shield/icon/milotic.png,milotic.png
351,https://img.pokemondb.net/sprites/sword-shield/icon/castform.png,castform.png
352,https://img.pokemondb.net/sprites/sword-shield/icon/kecleon.png,kecleon.png
353,https://img.pokemondb.net/sprites/sword-shield/icon/shuppet.png,shuppet.png
354,https://img.pokemondb.net/sprites/sword-shield/icon/banette.png,banette.png
355,https://img.pokemondb.net/sprites/sword-shield/icon/duskull.png,duskull.png
356,https://img.pokemondb.net/sprites/sword-shield/icon/dusclops.png,dusclops.png
357,https://img.pokemondb.net/sprites/sword-shield/icon/tropius.png,tropius.png
358,https://img.pokemondb.net/sprites/sword-shield/icon/chimecho.png,chimecho.png
359,https://img.pokemondb.net/sprites/sword-shield/icon/absol.png,absol.png
360,https://img.pokemondb.net/sprites/sword-shield/icon/wynaut.png,wynaut.png
361,https://img.pokemondb.net/sprites/sword-shield/icon/snorunt.png,snorunt.png
362,https://img.pokemondb.net/sprites/sword-shield/icon/glalie.png,glalie.png
363,https://img.pokemondb.net/sprites/sword-shield/icon/spheal.png,spheal.png
364,https://img.pokemondb.net/sprites/sword-shield/icon/sealeo.png,sealeo.png
365,https://img.pokemondb.net/sprites/sword-shield/icon/walrein.png,walrein.png
366,https://img.pokemondb.net/sprites/sword-shield/icon/clamperl.png,clamperl.png
367,https://img.pokemondb.net/sprites/sword-shield/icon/huntail.png,huntail.png
368,https://img.pokemondb.net/sprites/sword-shield/icon/gorebyss.png,gorebyss.png
369,https://img.pokemondb.net/sprites/sword-shield/icon/relicanth.png,relicanth.png
370,https://img.pokemondb.net/sprites/sword-shield/icon/luvdisc.png,luvdisc.png
371,https://img.pokemondb.net/sprites/sword-shield/icon/bagon.png,bagon.png
372,https://img.pokemondb.net/sprites/sword-shield/icon/shelgon.png,shelgon.png
373,https://img.pokemondb.net/sprites/sword-shield/icon/salamence.png,salamence.png
374,https://img.pokemondb.net/sprites/sword-shield/icon/beldum.png,beldum.png
375,https://img.pokemondb.net/sprites/sword-shield/icon/metang.png,metang.png
376,https://img.pokemondb.net/sprites/sword-shield/icon/metagross.png,metagross.png
377,https://img.pokemondb.net/sprites/sword-shield/icon/regirock.png,regirock.png
378,https://img.pokemondb.net/sprites/sword-shield/icon/regice.png,regice.png
379,https://img.pokemondb.net/sprites/sword-shield/icon/registeel.png,registeel.png
380,https://img.pokemondb.net/sprites/sword-shield/icon/latias.png,latias.png
381,https://img.pokemondb.net/sprites/sword-shield/icon/latios.png,latios.png
382,https://img.pokemondb.net/sprites/sword-shield/icon/kyogre.png,kyogre.png
383,https://img.pokemondb.net/sprites/sword-shield/icon/groudon.png,groudon.png
384,https://img.pokemondb.net/sprites/sword-shield/icon/rayquaza.png,rayquaza.png
385,https://img.pokemondb.net/sprites/sword-shield/icon/jirachi.png,jirachi.png
386,https://img.pokemondb.net/sprites/sword-shield/icon/deoxys-normal.png,deoxys-normal.png
387,https://img.pokemondb.net/sprites/sword-shield/icon/turtwig.png,turtwig.png
388,https://img.pokemondb.net/sprites/sword-shield/icon/grotle.png,grotle.png
389,https://img.pokemondb.net/sprites/sword-shield/icon/torterra.png,torterra.png
390,https://img.pokemondb.net/sprites/sword-shield/icon/chimchar.png,chimchar.png
391,https://img.pokemondb.net/sprites/sword-shield/icon/monferno.png,monferno.png
392,https://img.pokemondb.net/sprites/sword-shield/icon/infernape.png,infernape.png
393,https://img.pokemondb.net/sprites/sword-shield/icon/piplup.png,piplup.png
394,https://img.pokemondb.net/sprites/sword-shield/icon/prinplup.png,prinplup.png
395,https://img.pokemondb.net/sprites/sword-shield/icon/empoleon.png,empoleon.png
396,https://img.pokemondb.net/sprites/sword-shield/icon/starly.png,starly.png
397,https://img.pokemondb.net/sprites/sword-shield/icon/staravia.png,staravia.png
398,https://img.pokemondb.net/sprites/sword-shield/icon/staraptor.png,staraptor.png
399,https://img.pokemondb.net/sprites/sword-shield/icon/bidoof.png,bidoof.png
400,https://img.pokemondb.net/sprites/sword-shield/icon/bibarel.png,bibarel.png
401,https://img.pokemondb.net/sprites/sword-shield/icon/kricketot.png,kricketot.png
402,https://img.pokemondb.net/sprites/sword-shield/icon/kricketune.png,kricketune.png
403,https://img.pokemondb.net/sprites/sword-shield/icon/shinx.png,shinx.png
404,https://img.pokemondb.net/sprites/sword-shield/icon/luxio.png,luxio.png
405,https://img.pokemondb.net/sprites/sword-shield/icon/luxray.png,luxray.png
406,https://img.pokemondb.net/sprites/sword-shield/icon/budew.png,budew.png
407,https://img.pokemondb.net/sprites/sword-shield/icon/roserade.png,roserade.png
408,https://img.pokemondb.net/sprites/sword-shield/icon/cranidos.png,cranidos.png
409,https://img.pokemondb.net/sprites/sword-shield/icon/rampardos.png,rampardos.png
410,https://img.pokemondb.net/sprites/sword-shield/icon/shieldon.png,shieldon.png
411,https://img.pokemondb.net/sprites/sword-shield/icon/bastiodon.png,bastiodon.png
412,https://img.pokemondb.net/sprites/sword-shield/icon/burmy.png,burmy.png
413,https://img.pokemondb.net/sprites/sword-shield/icon/wormadam-plant.png,wormadam-plant.png
414,https://img.pokemondb.net/sprites/sword-shield/icon/mothim.png,mothim.png
415,https://img.pokemondb.net/sprites/sword-shield/icon/combee.png,combee.png
416,https://img.pokemondb.net/sprites/sword-shield/icon/vespiquen.png,vespiquen.png
417,https://img.pokemondb.net/sprites/sword-shield/icon/pachirisu.png,pachirisu.png
418,https://img.pokemondb.net/sprites/sword-shield/icon/buizel.png,buizel.png
419,https://img.pokemondb.net/sprites/sword-shield/icon/floatzel.png,floatzel.png
420,https://img.pokemondb.net/sprites/sword-shield/icon/cherubi.png,cherubi.png
421,https://img.pokemondb.net/sprites/sword-shield/icon/cherrim.png,cherrim.png
422,https://img.pokemondb.net/sprites/sword-shield/icon/shellos.png,shellos.png
423,https://img.pokemondb.net/sprites/sword-shield/icon/gastrodon.png,gastrodon.png
424,https://img.pokemondb.net/sprites/sword-shield/icon/ambipom.png,ambipom.png
425,https://img.pokemondb.net/sprites/sword-shield/icon/drifloon.png,drifloon.png
426,https://img.pokemondb.net/sprites/sword-shield/icon/drifblim.png,drifblim.png
427,https://img.pokemondb.net/sprites/sword-shield/icon/buneary.png,buneary.png
428,https://img.pokemondb.net/sprites/sword-shield/icon/lopunny.png,lopunny.png
429,https://img.pokemondb.net/sprites/sword-shield/icon/mismagius.png,mismagius.png
430,https://img.pokemondb.net/sprites/sword-shield/icon/honchkrow.png,honchkrow.png
431,https://img.pokemondb.net/sprites/sword-shield/icon/glameow.png,glameow.png
432,https://img.pokemondb.net/sprites/sword-shield/icon/purugly.png,purugly.png
433,https://img.pokemondb.net/sprites/sword-shield/icon/chingling.png,chingling.png
434,https://img.pokemondb.net/sprites/sword-shield/icon/stunky.png,stunky.png
435,https://img.pokemondb.net/sprites/sword-shield/icon/skuntank.png,skuntank.png
436,https://img.pokemondb.net/sprites/sword-shield/icon/bronzor.png,bronzor.png
437,https://img.pokemondb.net/sprites/sword-shield/icon/bronzong.png,bronzong.png
438,https://img.pokemondb.net/sprites/sword-shield/icon/bonsly.png,bonsly.png
439,https://img.pokemondb.net/sprites/sword-shield/icon/mime-jr.png,mime-jr.png
440,https://img.pokemondb.net/sprites/sword-shield/icon/happiny.png,happiny.png
441,https://img.pokemondb.net/sprites/sword-shield/icon/chatot.png,chatot.png
442,https://img.pokemondb.net/sprites/sword-shield/icon/spiritomb.png,spiritomb.png
443,https://img.pokemondb.net/sprites/sword-shield/icon/gible.png,gible.png
444,https://img.pokemondb.net/sprites/sword-shield/icon/gabite.png,gabite.png
445,https://img.pokemondb.net/sprites/sword-shield/icon/garchomp.png,garchomp.png
446,https://img.pokemondb.net/sprites/sword-shield/icon/munchlax.png,munchlax.png
447,https://img.pokemondb.net/sprites/sword-shield/icon/riolu.png,riolu.png
448,https://img.pokemondb.net/sprites/sword-shield/icon/lucario.png,lucario.png
449,https://img.pokemondb.net/sprites/sword-shield/icon/hippopotas.png,hippopotas.png
450,https://img.pokemondb.net/sprites/sword-shield/icon/hippowdon.png,hippowdon.png
451,https://img.pokemondb.net/sprites/sword-shield/icon/skorupi.png,skorupi.png
452,https://img.pokemondb.net/sprites/sword-shield/icon/drapion.png,drapion.png
453,https://img.pokemondb.net/sprites/sword-shield/icon/croagunk.png,croagunk.png
454,https://img.pokemondb.net/sprites/sword-shield/icon/toxicroak.png,toxicroak.png
455,https://img.pokemondb.net/sprites/sword-shield/icon/carnivine.png,carnivine.png
456,https://img.pokemondb.net/sprites/sword-shield/icon/finneon.png,finneon.png
457,https://img.pokemondb.net/sprites/sword-shield/icon/lumineon.png,lumineon.png
458,https://img.pokemondb.net/sprites/sword-shield/icon/mantyke.png,mantyke.png
459,https://img.pokemondb.net/sprites/sword-shield/icon/snover.png,snover.png
460,https://img.pokemondb.net/sprites/sword-shield/icon/abomasnow.png,abomasnow.png
461,https://img.pokemondb.net/sprites/sword-shield/icon/weavile.png,weavile.png
462,https://img.pokemondb.net/sprites/sword-shield/icon/magnezone.png,magnezone.png
463,https://img.pokemondb.net/sprites/sword-shield/icon/lickilicky.png,lickilicky.png
464,https://img.pokemondb.net/sprites/sword-shield/icon/rhyperior.png,rhyperior.png
465,https://img.pokemondb.net/sprites/sword-shield/icon/tangrowth.png,tangrowth.png
466,https://img.pokemondb.net/sprites/sword-shield/icon/electivire.png,electivire.png
467,https://img.pokemondb.net/sprites/sword-shield/icon/magmortar.png,magmortar.png
468,https://img.pokemondb.net/sprites/sword-shield/icon/togekiss.png,togekiss.png
469,https://img.pokemondb.net/sprites/sword-shield/icon/yanmega.png,yanmega.png
470,https://img.pokemondb.net/sprites/sword-shield/icon/leafeon.png,leafeon.png
471,https://img.pokemondb.net/sprites/sword-shield/icon/glaceon.png,glaceon.png
472,https://img.pokemondb.net/sprites/sword-shield/icon/gliscor.png,gliscor.png
473,https://img.pokemondb.net/sprites/sword-shield/icon/mamoswine.png,mamoswine.png
474,https://img.pokemondb.net/sprites/sword-shield/icon/porygon-z.png,porygon-z.png
475,https://img.pokemondb.net/sprites/sword-shield/icon/gallade.png,gallade.png
476,https://img.pokemondb.net/sprites/sword-shield/icon/probopass.png,probopass.png
477,https://img.pokemondb.net/sprites/sword-shield/icon/dusknoir.png,dusknoir.png
478,https://img.pokemondb.net/sprites/sword-shield/icon/froslass.png,froslass.png
479,https://img.pokemondb.net/sprites/sword-shield/icon/rotom.png,rotom.png
480,https://img.pokemondb.net/sprites/sword-shield/icon/uxie.png,uxie.png
481,https://img.pokemondb.net/sprites/sword-shield/icon/mesprit.png,mesprit.png
482,https://img.pokemondb.net/sprites/sword-shield/icon/azelf.png,azelf.png
483,https://img.pokemondb.net/sprites/sword-shield/icon/dialga.png,dialga.png
484,https://img.pokemondb.net/sprites/sword-shield/icon/palkia.png,palkia.png
485,https://img.pokemondb.net/sprites/sword-shield/icon/heatran.png,heatran.png
486,https://img.pokemondb.net/sprites/sword-shield/icon/regigigas.png,regigigas.png
487,https://img.pokemondb.net/sprites/sword-shield/icon/giratina-altered.png,giratina-altered.png
488,https://img.pokemondb.net/sprites/sword-shield/icon/cresselia.png,cresselia.png
489,https://img.pokemondb.net/sprites/sword-shield/icon/phione.png,phione.png
490,https://img.pokemondb.net/sprites/sword-shield/icon/manaphy.png,manaphy.png
491,https://img.pokemondb.net/sprites/sword-shield/icon/darkrai.png,darkrai.png
492,https://img.pokemondb.net/sprites/sword-shield/icon/shaymin-land.png,shaymin-land.png
493,https://img.pokemondb.net/sprites/sword-shield/icon/arceus.png,arceus.png
494,https://img.pokemondb.net/sprites/sword-shield/icon/victini.png,victini.png
495,https://img.pokemondb.net/sprites/sword-shield/icon/snivy.png,snivy.png
496,https://img.pokemondb.net/sprites/sword-shield/icon/servine.png,servine.png
497,https://img.pokemondb.net/sprites/sword-shield/icon/serperior.png,serperior.png
498,https://img.pokemondb.net/sprites/sword-shield/icon/tepig.png,tepig.png
499,https://img.pokemondb.net/sprites/sword-shield/icon/pignite.png,pignite.png
500,https://img.pokemondb.net/sprites/sword-shield/icon/emboar.png,emboar.png
501,https://img.pokemondb.net/sprites/sword-shield/icon/oshawott.png,oshawott.png
502,https://img.pokemondb.net/sprites/sword-shield/icon/dewott.png,dewott.png
503,https://img.pokemondb.net/sprites/sword-shield/icon/samurott.png,samurott.png
504,https://img.pokemondb.net/sprites/sword-shield/icon/patrat.png,patrat.png
505,https://img.pokemondb.net/sprites/sword-shield/icon/watchog.png,watchog.png
506,https://img.pokemondb.net/sprites/sword-shield/icon/lillipup.png,lillipup.png
507,https://img.pokemondb.net/sprites/sword-shield/icon/herdier.png,herdier.png
508,https://img.pokemondb.net/sprites/sword-shield/icon/stoutland.png,stoutland.png
509,https://img.pokemondb.net/sprites/sword-shield/icon/purrloin.png,purrloin.png
510,https://img.pokemondb.net/sprites/sword-shield/icon/liepard.png,liepard.png
511,https://img.pokemondb.net/sprites/sword-shield/icon/pansage.png,pansage.png
512,https://img.pokemondb.net/sprites/sword-shield/icon/simisage.png,simisage.png
513,https://img.pokemondb.net/sprites/sword-shield/icon/pansear.png,pansear.png
514,https://img.pokemondb.net/sprites/sword-shield/icon/simisear.png,simisear.png
515,https://img.pokemondb.net/sprites/sword-shield/icon/panpour.png,panpour.png
516,https://img.pokemondb.net/sprites/sword-shield/icon/simipour.png,simipour.png
517,https://img.pokemondb.net/sprites/sword-shield/icon/munna.png,munna.png
518,https://img.pokemondb.net/sprites/sword-shield/icon/musharna.png,musharna.png
519,https://img.pokemondb.net/sprites/sword-shield/icon/pidove.png,pidove.png
520,https://img.pokemondb.net/sprites/sword-shield/icon/tranquill.png,tranquill.png
521,https://img.pokemondb.net/sprites/sword-shield/icon/unfezant.png,unfezant.png
522,https://img.pokemondb.net/sprites/sword-shield/icon/blitzle.png,blitzle.png
523,https://img.pokemondb.net/sprites/sword-shield/icon/zebstrika.png,zebstrika.png
524,https://img.pokemondb.net/sprites/sword-shield/icon/roggenrola.png,roggenrola.png
525,https://img.pokemondb.net/sprites/sword-shield/icon/boldore.png,boldore.png
526,https://img.pokemondb.net/sprites/sword-shield/icon/gigalith.png,gigalith.png
527,https://img.pokemondb.net/sprites/sword-shield/icon/woobat.png,woobat.png
528,https://img.pokemondb.net/sprites/sword-shield/icon/swoobat.png,swoobat.png
529,https://img.pokemondb.net/sprites/sword-shield/icon/drilbur.png,drilbur.png
530,https://img.pokemondb.net/sprites/sword-shield/icon/excadrill.png,excadrill.png
531,https://img.pokemondb.net/sprites/sword-shield/icon/audino.png,audino.png
532,https://img.pokemondb.net/sprites/sword-shield/icon/timburr.png,timburr.png
533,https://img.pokemondb.net/sprites/sword-shield/icon/gurdurr.png,gurdurr.png
534,https://img.pokemondb.net/sprites/sword-shield/icon/conkeldurr.png,conkeldurr.png
535,https://img.pokemondb.net/sprites/sword-shield/icon/tympole.png,tympole.png
536,https://img.pokemondb.net/sprites/sword-shield/icon/palpitoad.png,palpitoad.png
537,https://img.pokemondb.net/sprites/sword-shield/icon/seismitoad.png,seismitoad.png
538,https://img.pokemondb.net/sprites/sword-shield/icon/throh.png,throh.png
539,https://img.pokemondb.net/sprites/sword-shield/icon/sawk.png,sawk.png
540,https://img.pokemondb.net/sprites/sword-shield/icon/sewaddle.png,sewaddle.png
541,https://img.pokemondb.net/sprites/sword-shield/icon/swadloon.png,swadloon.png
542,https://img.pokemondb.net/sprites/sword-shield/icon/leavanny.png,leavanny.png
543,https://img.pokemondb.net/sprites/sword-shield/icon/venipede.png,venipede.png
544,https://img.pokemondb.net/sprites/sword-shield/icon/whirlipede.png,whirlipede.png
545,https://img.pokemondb.net/sprites/sword-shield/icon/scolipede.png,scolipede.png
546,https://img.pokemondb.net/sprites/sword-shield/icon/cottonee.png,cottonee.png
547,https://img.pokemondb.net/sprites/sword-shield/icon/whimsicott.png,whimsicott.png
548,https://img.pokemondb.net/sprites/sword-shield/icon/petilil.png,petilil.png
549,https://img.pokemondb.net/sprites/sword-shield/icon/lilligant.png,lilligant.png
550,https://img.pokemondb.net/sprites/sword-shield/icon/basculin-red-striped.png,basculin-red-striped.png
551,https://img.pokemondb.net/sprites/sword-shield/icon/sandile.png,sandile.png
552,https://img.pokemondb.net/sprites/sword-shield/icon/krokorok.png,krokorok.png
553,https://img.pokemondb.net/sprites/sword-shield/icon/krookodile.png,krookodile.png
554,https://img.pokemondb.net/sprites/sword-shield/icon/darumaka.png,darumaka.png
555,https://img.pokemondb.net/sprites/sword-shield/icon/darmanitan-standard.png,darmanitan-standard.png
556,https://img.pokemondb.net/sprites/sword-shield/icon/maractus.png,maractus.png
557,https://img.pokemondb.net/sprites/sword-shield/icon/dwebble.png,dwebble.png
558,https://img.pokemondb.net/sprites/sword-shield/icon/crustle.png,crustle.png
559,https://img.pokemondb.net/sprites/sword-shield/icon/scraggy.png,scraggy.png
560,https://img.pokemondb.net/sprites/sword-shield/icon/scrafty.png,scrafty.png
561,https://img.pokemondb.net/sprites/sword-shield/icon/sigilyph.png,sigilyph.png
562,https://img.pokemondb.net/sprites/sword-shield/icon/yamask.png,yamask.png
563,https://img.pokemondb.net/sprites/sword-shield/icon/cofagrigus.png,cofagrigus.png
564,https://img.pokemondb.net/sprites/sword-shield/icon/tirtouga.png,tirtouga.png
565,https://img.pokemondb.net/sprites/sword-shield/icon/carracosta.png,carracosta.png
566,https://img.pokemondb.net/sprites/sword-shield/icon/archen.png,archen.png
567,https://img.pokemondb.net/sprites/sword-shield/icon/archeops.png,archeops.png
568,https://img.pokemondb.net/sprites/sword-shield/icon/trubbish.png,trubbish.png
569,https://img.pokemondb.net/sprites/sword-shield/icon/garbodor.png,garbodor.png
570,https://img.pokemondb.net/sprites/sword-shield/icon/zorua.png,zorua.png
571,https://img.pokemondb.net/sprites/sword-shield/icon/zoroark.png,zoroark.png
572,https://img.pokemondb.net/sprites/sword-shield/icon/minccino.png,minccino.png
573,https://img.pokemondb.net/sprites/sword-shield/icon/cinccino.png,cinccino.png
574,https://img.pokemondb.net/sprites/sword-shield/icon/gothita.png,gothita.png
575,https://img.pokemondb.net/sprites/sword-shield/icon/gothorita.png,gothorita.png
576,https://img.pokemondb.net/sprites/sword-shield/icon/gothitelle.png,gothitelle.png
577,https://img.pokemondb.net/sprites/sword-shield/icon/solosis.png,solosis.png
578,https://img.pokemondb.net/sprites/sword-shield/icon/duosion.png,duosion.png
579,https://img.pokemondb.net/sprites/sword-shield/icon/reuniclus.png,reuniclus.png
580,https://img.pokemondb.net/sprites/sword-shield/icon/ducklett.png,ducklett.png
581,https://img.pokemondb.net/sprites/sword-shield/icon/swanna.png,swanna.png
582,https://img.pokemondb.net/sprites/sword-shield/icon/vanillite.png,vanillite.png
583,https://img.pokemondb.net/sprites/sword-shield/icon/vanillish.png,vanillish.png
584,https://img.pokemondb.net/sprites/sword-shield/icon/vanilluxe.png,vanilluxe.png
585,https://img.pokemondb.net/sprites/sword-shield/icon/deerling.png,deerling.png
586,https://img.pokemondb.net/sprites/sword-shield/icon/sawsbuck.png,sawsbuck.png
587,https://img.pokemondb.net/sprites/sword-shield/icon/emolga.png,emolga.png
588,https://img.pokemondb.net/sprites/sword-shield/icon/karrablast.png,karrablast.png
589,https://img.pokemondb.net/sprites/sword-shield/icon/escavalier.png,escavalier.png
590,https://img.pokemondb.net/sprites/sword-shield/icon/foongus.png,foongus.png
591,https://img.pokemondb.net/sprites/sword-shield/icon/amoonguss.png,amoonguss.png
592,https://img.pokemondb.net/sprites/sword-shield/icon/frillish.png,frillish.png
593,https://img.pokemondb.net/sprites/sword-shield/icon/jellicent.png,jellicent.png
594,https://img.pokemondb.net/sprites/sword-shield/icon/alomomola.png,alomomola.png
595,https://img.pokemondb.net/sprites/sword-shield/icon/joltik.png,joltik.png
596,https://img.pokemondb.net/sprites/sword-shield/icon/galvantula.png,galvantula.png
597,https://img.pokemondb.net/sprites/sword-shield/icon/ferroseed.png,ferroseed.png
598,https://img.pokemondb.net/sprites/sword-shield/icon/ferrothorn.png,ferrothorn.png
599,https://img.pokemondb.net/sprites/sword-shield/icon/klink.png,klink.png
600,https://img.pokemondb.net/sprites/sword-shield/icon/klang.png,klang.png
601,https://img.pokemondb.net/sprites/sword-shield/icon/klinklang.png,klinklang.png
602,https://img.pokemondb.net/sprites/sword-shield/icon/tynamo.png,tynamo.png
603,https://img.pokemondb.net/sprites/sword-shield/icon/eelektrik.png,eelektrik.png
604,https://img.pokemondb.net/sprites/sword-shield/icon/eelektross.png,eelektross.png
605,https://img.pokemondb.net/sprites/sword-shield/icon/elgyem.png,elgyem.png
606,https://img.pokemondb.net/sprites/sword-shield/icon/beheeyem.png,beheeyem.png
607,https://img.pokemondb.net/sprites/sword-shield/icon/litwick.png,litwick.png
608,https://img.pokemondb.net/sprites/sword-shield/icon/lampent.png,lampent.png
609,https://img.pokemondb.net/sprites/sword-shield/icon/chandelure.png,chandelure.png
610,https://img.pokemondb.net/sprites/sword-shield/icon/axew.png,axew.png
611,https://img.pokemondb.net/sprites/sword-shield/icon/fraxure.png,fraxure.png
612,https://img.pokemondb.net/sprites/sword-shield/icon/haxorus.png,haxorus.png
613,https://img.pokemondb.net/sprites/sword-shield/icon/cubchoo.png,cubchoo.png
614,https://img.pokemondb.net/sprites/sword-shield/icon/beartic.png,beartic.png
615,https://img.pokemondb.net/sprites/sword-shield/icon/cryogonal.png,cryogonal.png
616,https://img.pokemondb.net/sprites/sword-shield/icon/shelmet.png,shelmet.png
617,https://img.pokemondb.net/sprites/sword-shield/icon/accelgor.png,accelgor.png
618,https://img.pokemondb.net/sprites/sword-shield/icon/stunfisk.png,stunfisk.png
619,https://img.pokemondb.net/sprites/sword-shield/icon/mienfoo.png,mienfoo.png
620,https://img.pokemondb.net/sprites/sword-shield/icon/mienshao.png,mienshao.png
621,https://img.pokemondb.net/sprites/sword-shield/icon/druddigon.png,druddigon.png
622,https://img.pokemondb.net/sprites/sword-shield/icon/golett.png,golett.png
623,https://img.pokemondb.net/sprites/sword-shield/icon/golurk.png,golurk.png
624,https://img.pokemondb.net/sprites/sword-shield/icon/pawniard.png,pawniard.png
625,https://img.pokemondb.net/sprites/sword-shield/icon/bisharp.png,bisharp.png
626,https://img.pokemondb.net/sprites/sword-shield/icon/bouffalant.png,bouffalant.png
627,https://img.pokemondb.net/sprites/sword-shield/icon/rufflet.png,rufflet.png
628,https://img.pokemondb.net/sprites/sword-shield/icon/braviary.png,braviary.png
629,https://img.pokemondb.net/sprites/sword-shield/icon/vullaby.png,vullaby.png
630,https://img.pokemondb.net/sprites/sword-shield/icon/mandibuzz.png,mandibuzz.png
631,https://img.pokemondb.net/sprites/sword-shield/icon/heatmor.png,heatmor.png
632,https://img.pokemondb.net/sprites/sword-shield/icon/durant.png,durant.png
633,https://img.pokemondb.net/sprites/sword-shield/icon/deino.png,deino.png
634,https://img.pokemondb.net/sprites/sword-shield/icon/zweilous.png,zweilous.png
635,https://img.pokemondb.net/sprites/sword-shield/icon/hydreigon.png,hydreigon.png
636,https://img.pokemondb.net/sprites/sword-shield/icon/larvesta.png,larvesta.png
637,https://img.pokemondb.net/sprites/sword-shield/icon/volcarona.png,volcarona.png
638,https://img.pokemondb.net/sprites/sword-shield/icon/cobalion.png,cobalion.png
639,https://img.pokemondb.net/sprites/sword-shield/icon/terrakion.png,terrakion.png
640,https://img.pokemondb.net/sprites/sword-shield/icon/virizion.png,virizion.png
641,https://img.pokemondb.net/sprites/sword-shield/icon/tornadus-incarnate.png,tornadus-incarnate.png
642,https://img.pokemondb.net/sprites/sword-shield/icon/thundurus-incarnate.png,thundurus-incarnate.png
643,https://img.pokemondb.net/sprites/sword-shield/icon/reshiram.png,reshiram.png
644,https://img.pokemondb.net/sprites/sword-shield/icon/zekrom.png,zekrom.png
645,https://img.pokemondb.net/sprites/sword-shield/icon/landorus-incarnate.png,landorus-incarnate.png
646,https://img.pokemondb.net/sprites/sword-shield/icon/kyurem.png,kyurem.png
647,https://img.pokemondb.net/sprites/sword-shield/icon/keldeo-ordinary.png,keldeo-ordinary.png
648,https://img.pokemondb.net/sprites/sword-shield/icon/meloetta-aria.png,meloetta-aria.png
649,https://img.pokemondb.net/sprites/sword-shield/icon/genesect.png,genesect.png
650,https://img.pokemondb.net/sprites/sword-shield/icon/chespin.png,chespin.png
651,https://img.pokemondb.net/sprites/sword-shield/icon/quilladin.png,quilladin.png
652,https://img.pokemondb.net/sprites/sword-shield/icon/chesnaught.png,chesnaught.png
653,https://img.pokemondb.net/sprites/sword-shield/icon/fennekin.png,fennekin.png
654,https://img.pokemondb.net/sprites/sword-shield/icon/braixen.png,braixen.png
655,https://img.pokemondb.net/sprites/sword-shield/icon/delphox.png,delphox.png
656,https://img.pokemondb.net/sprites/sword-shield/icon/froakie.png,froakie.png
657,https://img.pokemondb.net/sprites/sword-shield/icon/frogadier.png,frogadier.png
658,https://img.pokemondb.net/sprites/sword-shield/icon/greninja.png,greninja.png
659,https://img.pokemondb.net/sprites/sword-shield/icon/bunnelby.png,bunnelby.png
660,https://img.pokemondb.net/sprites/sword-shield/icon/diggersby.png,diggersby.png
661,https://img.pokemondb.net/sprites/sword-shield/icon/fletchling.png,fletchling.png
662,https://img.pokemondb.net/sprites/sword-shield/icon/fletchinder.png,fletchinder.png
663,https://img.pokemondb.net/sprites/sword-shield/icon/talonflame.png,talonflame.png
664,https://img.pokemondb.net/sprites/sword-shield/icon/scatterbug.png,scatterbug.png
665,https://img.pokemondb.net/sprites/sword-shield/icon/spewpa.png,spewpa.png
666,https://img.pokemondb.net/sprites/sword-shield/icon/vivillon.png,vivillon.png
667,https://img.pokemondb.net/sprites/sword-shield/icon/litleo.png,litleo.png
668,https://img.pokemondb.net/sprites/sword-shield/icon/pyroar.png,pyroar.png
669,https://img.pokemondb.net/sprites/sword-shield/icon/flabebe.png,flabebe.png
670,https://img.pokemondb.net/sprites/sword-shield/icon/floette.png,floette.png
671,https://img.pokemondb.net/sprites/sword-shield/icon/florges.png,florges.png
672,https://img.pokemondb.net/sprites/sword-shield/icon/skiddo.png,skiddo.png
673,https://img.pokemondb.net/sprites/sword-shield/icon/gogoat.png,gogoat.png
674,https://img.pokemondb.net/sprites/sword-shield/icon/pancham.png,pancham.png
675,https://img.pokemondb.net/sprites/sword-shield/icon/pangoro.png,pangoro.png
676,https://img.pokemondb.net/sprites/sword-shield/icon/furfrou.png,furfrou.png
677,https://img.pokemondb.net/sprites/sword-shield/icon/espurr.png,espurr.png
678,https://img.pokemondb.net/sprites/sword-shield/icon/meowstic-male.png,meowstic-male.png
679,https://img.pokemondb.net/sprites/sword-shield/icon/honedge.png,honedge.png
680,https://img.pokemondb.net/sprites/sword-shield/icon/doublade.png,doublade.png
681,https://img.pokemondb.net/sprites/sword-shield/icon/aegislash-shield.png,aegislash-shield.png
682,https://img.pokemondb.net/sprites/sword-shield/icon/spritzee.png,spritzee.png
683,https://img.pokemondb.net/sprites/sword-shield/icon/aromatisse.png,aromatisse.png
684,https://img.pokemondb.net/sprites/sword-shield/icon/swirlix.png,swirlix.png
685,https://img.pokemondb.net/sprites/sword-shield/icon/slurpuff.png,slurpuff.png
686,https://img.pokemondb.net/sprites/sword-shield/icon/inkay.png,inkay.png
687,https://img.pokemondb.net/sprites/sword-shield/icon/malamar.png,malamar.png
688,https://img.pokemondb.net/sprites/sword-shield/icon/binacle.png,binacle.png
689,https://img.pokemondb.net/sprites/sword-shield/icon/barbaracle.png,barbaracle.png
690,https://img.pokemondb.net/sprites/sword-shield/icon/skrelp.png,skrelp.png
691,https://img.pokemondb.net/sprites/sword-shield/icon/dragalge.png,dragalge.png
692,https://img.pokemondb.net/sprites/sword-shield/icon/clauncher.png,clauncher.png
693,https://img.pokemondb.net/sprites/sword-shield/icon/clawitzer.png,clawitzer.png
694,https://img.pokemondb.net/sprites/sword-shield/icon/helioptile.png,helioptile.png
695,https://img.pokemondb.net/sprites/sword-shield/icon/heliolisk.png,heliolisk.png
696,https://img.pokemondb.net/sprites/sword-shield/icon/tyrunt.png,tyrunt.png
697,https://img.pokemondb.net/sprites/sword-shield/icon/tyrantrum.png,tyrantrum.png
698,https://img.pokemondb.net/sprites/sword-shield/icon/amaura.png,amaura.png
699,https://img.pokemondb.net/sprites/sword-shield/icon/aurorus.png,aurorus.png
700,https://img.pokemondb.net/sprites/sword-shield/icon/sylveon.png,sylveon.png
701,https://img.pokemondb.net/sprites/sword-shield/icon/hawlucha.png,hawlucha.png
702,https://img.pokemondb.net/sprites/sword-shield/icon/dedenne.png,dedenne.png
703,https://img.pokemondb.net/sprites/sword-shield/icon/carbink.png,carbink.png
704,https://img.pokemondb.net/sprites/sword-shield/icon/goomy.png,goomy.png
705,https://img.pokemondb.net/sprites/sword-shield/icon/sliggoo.png,sliggoo.png
706,https://img.pokemondb.net/sprites/sword-shield/icon/goodra.png,goodra.png
707,https://img.pokemondb.net/sprites/sword-shield/icon/klefki.png,klefki.png
708,https://img.pokemondb.net/sprites/sword-shield/icon/phantump.png,phantump.png
709,https://img.pokemondb.net/sprites/sword-shield/icon/trevenant.png,trevenant.png
710,https://img.pokemondb.net/sprites/sword-shield/icon/pumpkaboo-average.png,pumpkaboo-average.png
711,https://img.pokemondb.net/sprites/sword-shield/icon/gourgeist-average.png,gourgeist-average.png
712,https://img.pokemondb.net/sprites/sword-shield/icon/bergmite.png,bergmite.png
713,https://img.pokemondb.net/sprites/sword-shield/icon/avalugg.png,avalugg.png
714,https://img.pokemondb.net/sprites/sword-shield/icon/noibat.png,noibat.png
715,https://img.pokemondb.net/sprites/sword-shield/icon/noivern.png,noivern.png
716,https://img.pokemondb.net/sprites/sword-shield/icon/xerneas.png,xerneas.png
717,https://img.pokemondb.net/sprites/sword-shield/icon/yveltal.png,yveltal.png
718,https://img.pokemondb.net/sprites/sword-shield/icon/zygarde-50.png,zygarde-50.png
719,https://img.pokemondb.net/sprites/sword-shield/icon/diancie.png,diancie.png
720,https://img.pokemondb.net/sprites/sword-shield/icon/hoopa-confined.png,hoopa-confined.png
721,https://img.pokemondb.net/sprites/sword-shield/icon/volcanion.png,volcanion.png
722,https://img.pokemondb.net/sprites/sword-shield/icon/rowlet.png,rowlet.png
723,https://img.pokemondb.net/sprites/sword-shield/icon/dartrix.png,dartrix.png
724,https://img.pokemondb.net/sprites/sword-shield/icon/decidueye.png,decidueye.png
725,https://img.pokemondb.net/sprites/sword-shield/icon/litten.png,litten.png
726,https://img.pokemondb.net/sprites/sword-shield/icon/torracat.png,torracat.png
727,https://img.pokemondb.net/sprites/sword-shield/icon/incineroar.png,incineroar.png
728,https://img.pokemondb.net/sprites/sword-shield/icon/popplio.png,popplio.png
729,https://img.pokemondb.net/sprites/sword-shield/icon/brionne.png,brionne.png
730,https://img.pokemondb.net/sprites/sword-shield/icon/primarina.png,primarina.png
731,https://img.pokemondb.net/sprites/sword-shield/icon/pikipek.png,pikipek.png
732,https://img.pokemondb.net/sprites/sword-shield/icon/trumbeak.png,trumbeak.png
733,https://img.pokemondb.net/sprites/sword-shield/icon/toucannon.png,toucannon.png
734,https://img.pokemondb.net/sprites/sword-shield/icon/yungoos.png,yungoos.png
735,https://img.pokemondb.net/sprites/sword-shield/icon/gumshoos.png,gumshoos.png
736,https://img.pokemondb.net/sprites/sword-shield/icon/grubbin.png,grubbin.png
737,https://img.pokemondb.net/sprites/sword-shield/icon/charjabug.png,charjabug.png
738,https://img.pokemondb.net/sprites/sword-shield/icon/vikavolt.png,vikavolt.png
739,https://img.pokemondb.net/sprites/sword-shield/icon/crabrawler.png,crabrawler.png
740,https://img.pokemondb.net/sprites/sword-shield/icon/crabominable.png,crabominable.png
741,https://img.pokemondb.net/sprites/sword-shield/icon/oricorio-baile.png,oricorio-baile.png
742,https://img.pokemondb.net/sprites/sword-shield/icon/cutiefly.png,cutiefly.png
743,https://img.pokemondb.net/sprites/sword-shield/icon/ribombee.png,ribombee.png
744,https://img.pokemondb.net/sprites/sword-shield/icon/rockruff.png,rockruff.png
745,https://img.pokemondb.net/sprites/sword-shield/icon/lycanroc-midday.png,lycanroc-midday.png
746,https://img.pokemondb.net/sprites/sword-shield/icon/wishiwashi-solo.png,wishiwashi-solo.png
747,https://img.pokemondb.net/sprites/sword-shield/icon/mareanie.png,mareanie.png
748,https://img.pokemondb.net/sprites/sword-shield/icon/toxapex.png,toxapex.png
749,https://img.pokemondb.net/sprites/sword-shield/icon/mudbray.png,mudbray.png
750,https://img.pokemondb.net/sprites/sword-shield/icon/mudsdale.png,mudsdale.png
751,https://img.pokemondb.net/sprites/sword-shield/icon/dewpider.png,dewpider.png
752,https://img.pokemondb.net/sprites/sword-shield/icon/araquanid.png,araquanid.png
753,https://img.pokemondb.net/sprites/sword-shield/icon/fomantis.png,fomantis.png
754,https://img.pokemondb.net/sprites/sword-shield/icon/lurantis.png,lurantis.png
755,https://img.pokemondb.net/sprites/sword-shield/icon/morelull.png,morelull.png
756,https://img.pokemondb.net/sprites/sword-shield/icon/shiinotic.png,shiinotic.png
757,https://img.pokemondb.net/sprites/sword-shield/icon/salandit.png,salandit.png
758,https://img.pokemondb.net/sprites/sword-shield/icon/salazzle.png,salazzle.png
759,https://img.pokemondb.net/sprites/sword-shield/icon/stufful.png,stufful.png
760,https://img.pokemondb.net/sprites/sword-shield/icon/bewear.png,bewear.png
761,https://img.pokemondb.net/sprites/sword-shield/icon/bounsweet.png,bounsweet.png
762,https://img.pokemondb.net/sprites/sword-shield/icon/steenee.png,steenee.png
763,https://img.pokemondb.net/sprites/sword-shield/icon/tsareena.png,tsareena.png
764,https://img.pokemondb.net/sprites/sword-shield/icon/comfey.png,comfey.png
765,https://img.pokemondb.net/sprites/sword-shield/icon/oranguru.png,oranguru.png
766,https://img.pokemondb.net/sprites/sword-shield/icon/passimian.png,passimian.png
767,https://img.pokemondb.net/sprites/sword-shield/icon/wimpod.png,wimpod.png
768,https://img.pokemondb.net/sprites/sword-shield/icon/golisopod.png,golisopod.png
769,https://img.pokemondb.net/sprites/sword-shield/icon/sandygast.png,sandygast.png
770,https://img.pokemondb.net/sprites/sword-shield/icon/palossand.png,palossand.png
771,https://img.pokemondb.net/sprites/sword-shield/icon/pyukumuku.png,pyukumuku.png
772,https://img.pokemondb.net/sprites/sword-shield/icon/type-null.png,type-null.png
773,https://img.pokemondb.net/sprites/sword-shield/icon/silvally.png,silvally.png
774,https://img.pokemondb.net/sprites/sword-shield/icon/minior-meteor.png,minior-meteor.png
775,https://img.pokemondb.net/sprites/sword-shield/icon/komala.png,komala.png
776,https://img.pokemondb.net/sprites/sword-shield/icon/turtonator.png,turtonator.png
777,https://img.pokemondb.net/sprites/sword-shield/icon/togedemaru.png,togedemaru.png
778,https://img.pokemondb.net/sprites/sword-shield/icon/mimikyu.png,mimikyu.png
779,https://img.pokemondb.net/sprites/sword-shield/icon/bruxish.png,bruxish.png
780,https://img.pokemondb.net/sprites/sword-shield/icon/drampa.png,drampa.png
781,https://img.pokemondb.net/sprites/sword-shield/icon/dhelmise.png,dhelmise.png
782,https://img.pokemondb.net/sprites/sword-shield/icon/jangmo-o.png,jangmo-o.png
783,https://img.pokemondb.net/sprites/sword-shield/icon/hakamo-o.png,hakamo-o.png
784,https://img.pokemondb.net/sprites/sword-shield/icon/kommo-o.png,kommo-o.png
785,https://img.pokemondb.net/sprites/sword-shield/icon/tapu-koko.png,tapu-koko.png
786,https://img.pokemondb.net/sprites/sword-shield/icon/tapu-lele.png,tapu-lele.png
787,https://img.pokemondb.net/sprites/sword-shield/icon/tapu-bulu.png,tapu-bulu.png
788,https://img.pokemondb.net/sprites/sword-shield/icon/tapu-fini.png,tapu-fini.png
789,https://img.pokemondb.net/sprites/sword-shield/icon/cosmog.png,cosmog.png
790,https://img.pokemondb.net/sprites/sword-shield/icon/cosmoem.png,cosmoem.png
791,https://img.pokemondb.net/sprites/sword-shield/icon/solgaleo.png,solgaleo.png
792,https://img.pokemondb.net/sprites/sword-shield/icon/lunala.png,lunala.png
793,https://img.pokemondb.net/sprites/sword-shield/icon/nihilego.png,nihilego.png
794,https://img.pokemondb.net/sprites/sword-shield/icon/buzzwole.png,buzzwole.png
795,https://img.pokemondb.net/sprites/sword-shield/icon/pheromosa.png,pheromosa.png
796,https://img.pokemondb.net/sprites/sword-shield/icon/xurkitree.png,xurkitree.png
797,https://img.pokemondb.net/sprites/sword-shield/icon/celesteela.png,celesteela.png
798,https://img.pokemondb.net/sprites/sword-shield/icon/kartana.png,kartana.png
799,https://img.pokemondb.net/sprites/sword-shield/icon/guzzlord.png,guzzlord.png
800,https://img.pokemondb.net/sprites/sword-shield/icon/necrozma.png,necrozma.png
801,https://img.pokemondb.net/sprites/sword-shield/icon/magearna.png,magearna.png
802,https://img.pokemondb.net/sprites/sword-shield/icon/marshadow.png,marshadow.png
803,https://img.pokemondb.net/sprites/sword-shield/icon/poipole.png,poipole.png
804,https://img.pokemondb.net/sprites/sword-shield/icon/naganadel.png,naganadel.png
805,https://img.pokemondb.net/sprites/sword-shield/icon/stakataka.png,stakataka.png
806,https://img.pokemondb.net/sprites/sword-shield/icon/blacephalon.png,blacephalon.png
807,https://img.pokemondb.net/sprites/sword-shield/icon/zeraora.png,zeraora.png
808,https://img.pokemondb.net/sprites/sword-shield/icon/meltan.png,meltan.png
809,https://img.pokemondb.net/sprites/sword-shield/icon/melmetal.png,melmetal.png
810,https://img.pokemondb.net/sprites/sword-shield/icon/grookey.png,grookey.png
811,https://img.pokemondb.net/sprites/sword-shield/icon/thwackey.png,thwackey.png
812,https://img.pokemondb.net/sprites/sword-shield/icon/rillaboom.png,rillaboom.png
813,https://img.pokemondb.net/sprites/sword-shield/icon/scorbunny.png,scorbunny.png
814,https://img.pokemondb.net/sprites/sword-shield/icon/raboot.png,raboot.png
815,https://img.pokemondb.net/sprites/sword-shield/icon/cinderace.png,cinderace.png
816,https://img.pokemondb.net/sprites/sword-shield/icon/sobble.png,sobble.png
817,https://img.pokemondb.net/sprites/sword-shield/icon/drizzile.png,drizzile.png
818,https://img.pokemondb.net/sprites/sword-shield/icon/inteleon.png,inteleon.png
819,https://img.pokemondb.net/sprites/sword-shield/icon/skwovet.png,skwovet.png
820,https://img.pokemondb.net/sprites/sword-shield/icon/greedent.png,greedent.png
821,https://img.pokemondb.net/sprites/sword-shield/icon/rookidee.png,rookidee.png
822,https://img.pokemondb.net/sprites/sword-shield/icon/corvisquire.png,corvisquire.png
823,https://img.pokemondb.net/sprites/sword-shield/icon/corviknight.png,corviknight.png
824,https://img.pokemondb.net/sprites/sword-shield/icon/blipbug.png,blipbug.png
825,https://img.pokemondb.net/sprites/sword-shield/icon/dottler.png,dottler.png
826,https://img.pokemondb.net/sprites/sword-shield/icon/orbeetle.png,orbeetle.png
827,https://img.pokemondb.net/sprites/sword-shield/icon/nickit.png,nickit.png
828,https://img.pokemondb.net/sprites/sword-shield/icon/thievul.png,thievul.png
829,https://img.pokemondb.net/sprites/sword-shield/icon/gossifleur.png,gossifleur.png
830,https://img.pokemondb.net/sprites/sword-shield/icon/eldegoss.png,eldegoss.png
831,https://img.pokemondb.net/sprites/sword-shield/icon/wooloo.png,wooloo.png
832,https://img.pokemondb.net/sprites/sword-shield/icon/dubwool.png,dubwool.png
833,https://img.pokemondb.net/sprites/sword-shield/icon/chewtle.png,chewtle.png
834,https://img.pokemondb.net/sprites/sword-shield/icon/drednaw.png,drednaw.png
835,https://img.pokemondb.net/sprites/sword-shield/icon/yamper.png,yamper.png
836,https://img.pokemondb.net/sprites/sword-shield/icon/boltund.png,boltund.png
837,https://img.pokemondb.net/sprites/sword-shield/icon/rolycoly.png,rolycoly.png
838,https://img.pokemondb.net/sprites/sword-shield/icon/carkol.png,carkol.png
839,https://img.pokemondb.net/sprites/sword-shield/icon/coalossal.png,coalossal.png
840,https://img.pokemondb.net/sprites/sword-shield/icon/applin.png,applin.png
841,https://img.pokemondb.net/sprites/sword-shield/icon/flapple.png,flapple.png
842,https://img.pokemondb.net/sprites/sword-shield/icon/appletun.png,appletun.png
843,https://img.pokemondb.net/sprites/sword-shield/icon/silicobra.png,silicobra.png
844,https://img.pokemondb.net/sprites/sword-shield/icon/sandaconda.png,sandaconda.png
845,https://img.pokemondb.net/sprites/sword-shield/icon/cramorant.png,cramorant.png
846,https://img.pokemondb.net/sprites/sword-shield/icon/arrokuda.png,arrokuda.png
847,https://img.pokemondb.net/sprites/sword-shield/icon/barraskewda.png,barraskewda.png
848,https://img.pokemondb.net/sprites/sword-shield/icon/toxel.png,toxel.png
849,https://img.pokemondb.net/sprites/sword-shield/icon/toxtricity-low-key.png,toxtricity-low-key.png
850,https://img.pokemondb.net/sprites/sword-shield/icon/sizzlipede.png,sizzlipede.png
851,https://img.pokemondb.net/sprites/sword-shield/icon/centiskorch.png,centiskorch.png
852,https://img.pokemondb.net/sprites/sword-shield/icon/clobbopus.png,clobbopus.png
853,https://img.pokemondb.net/sprites/sword-shield/icon/grapploct.png,grapploct.png
854,https://img.pokemondb.net/sprites/sword-shield/icon/sinistea.png,sinistea.png
855,https://img.pokemondb.net/sprites/sword-shield/icon/polteageist.png,polteageist.png
856,https://img.pokemondb.net/sprites/sword-shield/icon/hatenna.png,hatenna.png
857,https://img.pokemondb.net/sprites/sword-shield/icon/hattrem.png,hattrem.png
858,https://img.pokemondb.net/sprites/sword-shield/icon/hatterene.png,hatterene.png
859,https://img.pokemondb.net/sprites/sword-shield/icon/impidimp.png,impidimp.png
860,https://img.pokemondb.net/sprites/sword-shield/icon/morgrem.png,morgrem.png
861,https://img.pokemondb.net/sprites/sword-shield/icon/grimmsnarl.png,grimmsnarl.png
862,https://img.pokemondb.net/sprites/sword-shield/icon/obstagoon.png,obstagoon.png
863,https://img.pokemondb.net/sprites/sword-shield/icon/perrserker.png,perrserker.png
864,https://img.pokemondb.net/sprites/sword-shield/icon/cursola.png,cursola.png
865,https://img.pokemondb.net/sprites/sword-shield/icon/sirfetchd.png,sirfetchd.png
866,https://img.pokemondb.net/sprites/sword-shield/icon/mr-rime.png,mr-rime.png
867,https://img.pokemondb.net/sprites/sword-shield/icon/runerigus.png,runerigus.png
868,https://img.pokemondb.net/sprites/sword-shield/icon/milcery.png,milcery.png
869,https://img.pokemondb.net/sprites/sword-shield/icon/alcremie.png,alcremie.png
870,https://img.pokemondb.net/sprites/sword-shield/icon/falinks.png,falinks.png
871,https://img.pokemondb.net/sprites/sword-shield/icon/pincurchin.png,pincurchin.png
872,https://img.pokemondb.net/sprites/sword-shield/icon/snom.png,snom.png
873,https://img.pokemondb.net/sprites/sword-shield/icon/frosmoth.png,frosmoth.png
874,https://img.pokemondb.net/sprites/sword-shield/icon/stonjourner.png,stonjourner.png
875,https://img.pokemondb.net/sprites/sword-shield/icon/eiscue-ice.png,eiscue-ice.png
876,https://img.pokemondb.net/sprites/sword-shield/icon/indeedee-male.png,indeedee-male.png
877,https://img.pokemondb.net/sprites/sword-shield/icon/morpeko-full-belly.png,morpeko-full-belly.png
878,https://img.pokemondb.net/sprites/sword-shield/icon/cufant.png,cufant.png
879,https://img.pokemondb.net/sprites/sword-shield/icon/copperajah.png,copperajah.png
880,https://img.pokemondb.net/sprites/sword-shield/icon/dracozolt.png,dracozolt.png
881,https://img.pokemondb.net/sprites/sword-shield/icon/arctozolt.png,arctozolt.png
882,https://img.pokemondb.net/sprites/sword-shield/icon/dracovish.png,dracovish.png
883,https://img.pokemondb.net/sprites/sword-shield/icon/arctovish.png,arctovish.png
884,https://img.pokemondb.net/sprites/sword-shield/icon/duraludon.png,duraludon.png
885,https://img.pokemondb.net/sprites/sword-shield/icon/dreepy.png,dreepy.png
886,https://img.pokemondb.net/sprites/sword-shield/icon/drakloak.png,drakloak.png
887,https://img.pokemondb.net/sprites/sword-shield/icon/dragapult.png,dragapult.png
888,https://img.pokemondb.net/sprites/sword-shield/icon/zacian-crowned.png,zacian-crowned.png
889,https://img.pokemondb.net/sprites/sword-shield/icon/zamazenta-crowned.png,zamazenta-crowned.png
890,https://img.pokemondb.net/sprites/sword-shield/icon/eternatus.png,eternatus.png
